id,category,item_name,brand,retail_price,department,rank,sku
13721,Pants & Capris,Allegra K Ladies Zip Fly Two Front Top Pockets Pleated Baggy Slack Pants Green M,Allegra K,12.1,Women,103572,719b72cb9955a99c10137a625294734e
13722,Dresses,Sleeveless Rhinestone Empire Waist Sheer Layer Evening Cocktail Party Dress,Hot from Hollywood,39.99,Women,5290,3d77b36acd1d63348940e1e5c28534ad
13723,Active,"Sequin Legging,N7056",Double Platinum,35.95,Women,20973,ea5bae6f7b40909f8003751474b20649
13724,Socks,Men's Rayon from Bamboo Low-cut 3PK Sport Socks (8-12 Shoe),Sox Shop,15,Men,12428,93d1475b39ec19b05320bc0512be397d
13725,Outerwear & Coats,Onyx-Arctic Shield-X-System Men's Arcticshield Quiet Tech Insulated Hooded Jacket,Onyx-Arctic Shield-X-System,82.49,Men,41632,ea8e3d4fddbf4a15429e509e6d08ee8e
13726,Jeans,Element Young men's Pulaski Denim,Element,79.45,Men,270026,3e0f7d870b5b03b97764b551be970394
13727,Swim,Mens Olympic Flag Sexy Competition Style Bikini Brief Swimsuit by Gary Majdell Sport,Gary Majdell Sport,23.97,Men,108083,1c614f37dfb235857310d15a83607a33
13728,Outerwear & Coats,Tommy Hilfiger Men's Wool Plush Peacoat,Tommy Hilfiger,199.99,Men,22433,a20fa3f22ccd4b8296f4bf8e915ece09
13729,Pants,Dockers Mens Prescot Dress Pant D3 Classic Fit Pleat,Dockers,38.99,Men,22988,ba0690619ff5842deb3061db80e32455
13730,Swim,Cocksox Swim Bikini CX02,Cocksox,52,Men,487511,bbbbc6492bfd69ed18e17ee3c263b1ce
13731,Jeans,G by GUESS Zane Straight Leg Jeans - 33 Inseam,G by GUESS,54.5,Men,42325,482cadb25129fda42fddbfcc7714bc86
13732,Socks,"Nautica Men's 3-Pack Texture Sock,Brown,8 to 12",Nautica,14.4,Men,49930,4f0189f4ffe4c212dce25126276fffbd
13733,Sleep & Lounge,Derek Rose Men's Royal 174 Button Through Nightshirt,Derek Rose,157.5,Men,438418,15c72a7be7fb72fe4fa5bce52c770083
13734,Fashion Hoodies & Sweatshirts,Unionbay Men's Long Sleeve Gunnar Yard Jersey Hoodie,UNIONBAY,25,Men,21848,82a34af1961f1ebaf485b54b1950e6e9
13735,Underwear,Fruit of the Loom Men's 5 Pack Bikini Briefs,Fruit of the Loom,16.2,Men,4969,feb7cd77337077990ee796d38886f5ef
13736,Fashion Hoodies & Sweatshirts,Calvin Klein Sportswear Men's Logo - Long Sleeve Crew Neck Heavy Weight Tee,Calvin Klein,69.5,Men,688768,a27fd56fdd480aa9303044323997b268
13737,Outerwear & Coats,Genuine leather Trench Coat - Style GFTRM,Giovanni Navarre,242.29,Men,41612,9f168df38f02fb1c1affed20967f5c9e
13738,Jeans,7 For All Mankind Men's Standard In Summer Linen Jean,7 For All Mankind,178,Men,77273,18d77073b01ef3532b2bb6c09f2fc900
13739,Sleep & Lounge,Nautica Men's Williams Stripe Sleep Pant,Nautica,25,Men,22992,97f9396cdfa948285959e31f708a3765
13740,Socks,"Nautica Men's 3-Pack Fancy Pattern Sock,Navy,8 to 12",Nautica,13.6,Men,9921,0114e7568a3dff24c8ceeec09127d836
13741,Fashion Hoodies & Sweatshirts,Nautica Men's Castaway Stripe Hoodie,Nautica,63.6,Men,397236,ec5a48b5ed237571215a819a037c7686
13742,Tops & Tees,Mens Chamois Button Down Long Sleeve Casual Shirt,LabelShopper,11.99,Men,32745,b7961f3071640c46f18e5ba8d0eda8b6
13743,Socks,Royal Classic Mens Argyle Dress Casual Socks Cotton Blend Assortment Variety. 12 Pair. 10-13.,Royal,26.99,Men,1655,21b02f5b9926e9dfed4b7c70c419cf4d
13744,Outerwear & Coats,Nautica Wool Blend Car Coat,Nautica,109.99,Men,107036,19a8427f6fee346c7e106e894f19b79f
13745,Swim,Men's UV Swim Shirt--Short Sleeve,Brookstone,39.99,Men,959160,d5e7eb3bb9f0688a486b0bb56f184276
13746,Underwear,Andrew Christian Men's Almost Naked Infinity Y-Back Thong,Andrew Christian,25,Men,63178,bbdf414b57a1c8d08b0460d205347287
13747,Jeans,Diesel Men's Thavar Skinny Straight Leg Jean,Diesel,193.95,Men,110453,8821e1ce7c8f770b53f3b0791452e20a
13748,Leggings,Leggings Tights Stretch Skinny Pants Black Print,SK Hat shop,9.95,Women,626043,ce8b3ff701ff0a364d92c7cfc6e1767c
13749,Blazers & Jackets,Jones New York Women's Petite Long Sleeve One Button Blazer,Jones New York,74.5,Women,874177,531a4f1d26abba09396ac1f1781014fe
13750,Jeans,NEW 1826 DARK BLUE DENIM JEANS HIGH WAIST WOMENS PLUS SIZE SKINNY LEG SIZE 14-16-18-20-22 (3677),1826,22.95,Women,167952,3bda69654455f6b68e7ec0ddbbdb44ff
13751,Leggings,Allegra K Woman Front Hollow Out Elastic Waist Tights Leggings Black XS,Allegra K,6.73,Women,297875,4be2a487259068045de6a810ef7c9586
13752,Outerwear & Coats,Royal Blue Ladies Packable Nylon Down Hooded Jacket (carry pouch incl),FineBrandShop,42.9,Women,41835,80528d2a1b7930a67e46c0c5fe2213b4
13753,Swim,Diesel Men's Blans,Diesel,70,Men,321584,5fc2524ca31f669872af7507174311e3
13754,Jeans,Calvin Klein Jeans Women's Ultimate Skinny Leg Jean,Calvin Klein Jeans,69.5,Women,15553,1e38d58650dac18d58e433408b5e5b17
13755,Outerwear & Coats,Kenneth Cole Women's Sm Melton Walker,Kenneth Cole,118.75,Women,10340,8d6e43bb5e5f2ccccd95bc955bbf1353
13756,Pants & Capris,Trina Turk Women's Tony Slim Fit Pant,Trina Turk,103.18,Women,300174,5663859314d3e3dd477fd053d8f1441c
13757,Swim,Roxy Juniors Surf Essentials Tiki Tri,Roxy,40,Women,76539,c1fb41bab347b82b1e3dda1fcb2ac888
13758,Leggings,Plus Size Just One Black Seamless Capri Legging w/Silver Grommet Embellishment & Cuff,Just One,19.99,Women,221866,e0fe1f78d7771c1a9ad0f76174127a7d
13759,Outerwear & Coats,Allegra K Woman Light Gray Hooded Long Sleeve Plush Winter Coat S,Allegra K,18.9,Women,13466,ec7ce175a90e255335e4618b857bb5c3
13760,Tops & Tees,Bella Ladies Andrea Sheer Rib Long-Sleeve V-Neck T-Shirt,Bella,20,Women,13108,ec7881f9d134b4a653cbaec4b538b7ad
13761,Fashion Hoodies & Sweatshirts,Adult Unisex Dance With Me Zipper Hoodie,Active Products,41.99,Women,438028,238d46838b8330b6193d99dbfa999b08
13762,Maternity,Ripe Maternity Women's Seamless Nursing Tank Top,Ripe Maternity,25,Women,13045,09295448b8825a4b5b180f061002483b
13763,Sleep & Lounge,The Cat's Pajamas White Sushi Women's Cotton Pajama Pant,The Cat's Pajamas,46,Women,190678,701653588eb3db44e058aae4b613aa24
13764,Sleep & Lounge,Body Touch Micro Fleece PJ Set,Body Touch,15.9,Women,74371,a5dfeaedacfbf4d097cd7510639e2a10
13765,Pants & Capris,Calvin Klein Women's Cargo With Snaps And Zippers,Calvin Klein,69,Women,277525,35dfaad74f36bad838cb77f96df7e474
13766,Shorts,Sanctuary Womens Peace Rolled Cuff Belted Shorts,Sanctuary,52,Women,103456,a5ab9ef7edb22eca886b9c7da124fa1a
13767,Sleep & Lounge,Smartwool Women's Midweight Crew,SmartWool,94.95,Women,19874,106921e529f315b4f7529de6016bf105
13768,Shorts,Ibex Men's Gozo Utility Short,Ibex,79,Men,395542,382eaa8c295bae29b01c3886dc669efc
13769,Maternity,Lamaze Maternity Women's Motherhood Is The New Sexy Nursing Short Pajama Set,Lamaze,25,Women,104293,a70e6bb4b226b7c5d0082c1b47300eab
13770,Plus,Gold Toe Women's 3-Pack Marathon Athletic Quarter Sock,Gold Toe,10,Women,8476,1f42c23e1f0c23b6dbd9c3e9043483a9
13771,Tops & Tees,Dickies Girl Juniors Solid Cap Sleeve Crew Neck Tee,Dickies Girl,25,Women,2209,02118e1c0863dd7d295862bdf5fd0089
13772,Intimates,Fashion Forms Women's Ultimate Peel Stick Push Up Cups Bra,Fashion Forms,20,Women,90223,42d6756ba50c6688836bc633b60288bd
13773,Skirts,BB Dakota Juniors Malisa Skirt,BB Dakota,25,Women,125753,e772f57b709920a8774cfae763564287
13774,Sweaters,Lynn Ritchie Womens Button Front V-Neck Cardigan Misses Black,Lynn Ritchie,19.95,Women,57159,a06b6efe84a06e624298e7291312a1fb
13775,Tops & Tees,Volcom Men's Solid Mock Twist Short Sleeve Tee,Volcom,25,Men,58806,3fcde2cedafd8140f3dd4787ba227d70
13776,Sweaters,Jones New York Women's V-Neck Intarsia Top,Jones New York,119,Women,112903,181ecfa52151aca90e4ff6a6703039e3
13777,Leggings,Chances R Fleece Leggings (Sizes 4 - 6X),Chances R,5.99,Women,477729,fe35ee087d1e6661004fb16fa2866630
13778,Sleep & Lounge,Navy Plush Bath Robe for Men,State O Maine,29.99,Men,103621,77bd13467aa516604dd60d44c70828e7
13779,Fashion Hoodies & Sweatshirts,La Hearts Womens Varsity Jacket Hoodie,PacSun,39.99,Women,71694,aa808f812f41ce4d7e0aa3e07b0de91d
13780,Sweaters,LINCS DC &Co Men's Merino Tipped Vest,LINCS DC & Co,77,Men,141416,a11140887e08144813aab2b42b84a537
13781,Jeans,Marc Ecko Cut & Sew Men's Twisted Wash Jean,Marc Ecko Cut & Sew,79.5,Men,118290,d02fcb17c055cf146514af5610acb064
13782,Socks,Vince Camuto Men's Checkered Board Dress Socks,Vince Camuto,10,Men,110983,bcadd11004afe0bb30468d1f6a59197e
13783,Socks,Burlington Casual Acrylic Crew Sock,Burlington Socks,4.5,Men,27739,1295e0392de65c21aac73379b55770d3
13784,Pants & Capris,Mother Womens The Looker Skinny Capri Pants,Mother,108,Women,710507,d3a46cad413b40af06eb974a8f0d78bb
13785,Swim,Bottoms Out Men's Ocean Print Swim Short,Bottoms Out,25,Men,208402,2e5d40c5726fc3252ae86c725a79c459
13786,Pants & Capris,"Woman Within Plus Size Petite pants, boot-cut in ponte knit",Woman Within,29.99,Women,13029,ab29194e2f25e861c669abe82f56893f
13787,Skirts,Plus Size Belt Accented Ruched Mini Skirt Black,eVogues Apparel,19.99,Women,226342,3076431c931de1e474760c8cf401aa95
13788,Accessories,Kangol Wool 504 Cap With Earlaps,Kangol,54,Men,10036,2d512bec4717fea74d6d1bb4c4ba698a
13789,Swim,Fox Men's Optima Boardshorts,Fox,99.5,Men,322841,7cae18ac54984fb2d47d6676a00b0180
13790,Fashion Hoodies & Sweatshirts,Billionaire Boys Club The Script Crewneck,Billionaire Boys Club,155,Men,687921,09dc543d8c7b67f1f76deca8f48f0471
13791,Jeans,True Religion Men's Ricky Snake Eyes Straight Jean,True Religion,162,Men,162849,cb631c295ba1b96684fcbd1fd31121c3
13792,Swim,O'Neill Men's Aggressor Freak Board-Shorts,O'Neill,43.4,Men,254859,17296daf3baca882150bf2217aabadd2
13793,Plus,LibbySue-Color Blocked Plaid Stripe Scarf,LibbySue,18,Women,72535,6437963d3d7de50df3b3146737ebb0dd
13794,Underwear,Dockers Men's 4 Pack Fly Front Brief,Dockers,19,Men,305,e1e44496657efb977129a4a202464b75
13795,Pants,Haggar Men's Big-Tall Cool Gabardine Heather Pleat Front Pant,Haggar,39.9,Men,432476,0036258353b229af8ce9eefcf49b5796
13796,Blazers & Jackets,Allegra K Ladies Padded Shoulder Long Sleeve Spring OL Blazer Coat White S,Allegra K,23.05,Women,1212563,5e3904f83dc1a7e40138d7e8ee703894
13797,Shorts,Alpinestars CCO Short - Heather,Alpinestars,46.76,Men,472641,bad21698064fa41af4be90b1b6f2c5ab
13798,Swim,LRG Core Logo Board Short - Men's,LRG,49,Men,365305,51039763161c5992a609c6cda3061956
13799,Active,Reebok Men's Clinch Knit Short,Reebok,25,Men,11917,e3cf32ff2612f51f3cc9dca2da56a663
13800,Shorts,Dickies Men's 13 Inch Regular Fit Canvas Work Short,Dickies,42,Men,161050,f042ea3df36dd7f0df76c7b99f0c24cf
13801,Swim,Kanu Surf Men's Molokai Rashguard Shirt,Kanu Surf,25,Men,105625,ddbb7280d769ff1f1c5397fc3d4d5b2c
13802,Socks,Icebreaker Men's Ski+id OTC Socks,Icebreaker,25.95,Men,14779,614f8e6d37f18162b07c42c31308f269
13803,Swim,Speedo Men's Classic Plaid Eboard Water Short,Speedo,54,Men,83513,4515415c525ce5b4fcb808a73a7f74e5
13804,Shorts,Columbia Men's Big & Tall Ultimate ROC Short,Columbia,60,Men,173419,55856f5fe39f01df0f9300d3181c0b6b
13805,Sweaters,Joe Browns Men's Fur Lined Chunky Knit Cardigan,Joe Browns,108,Men,256742,7d34884a7c4698eb7e92adc69e6798b1
13806,Shorts,Allegra K Men Checked Trim Zip Fly Roll up Casual Pants Shorts Khaki W31,Allegra K,13.05,Men,241397,fe371c6670d0c32409270b542464280d
13807,Socks,Pittsburgh Steelers 2012 Colorblock Mens Sneaker Slippers,Forever Collectibles,22.99,Men,212573,160d933174525ff55a5615e2c6814c9a
13808,Suits & Sport Coats,Montique Green Color Men's Two Piece Long Sleeve Walking Suit Style #1041,Montique,69.99,Men,539886,906d83bcdb57cbbd5c21084e770bc621
13809,Pants,DC Men's Straight Chino Pant,DC,50,Men,53308,2957cc1dd82b824e8540bbcd03187086
13810,Underwear,New Men's Sexy Center Patch Thong Underwear by Gregg Homme,Gregg Homme,16.97,Men,10931,25042c501d2df4c612994dac012964fc
13811,Suits & Sport Coats,Port Authority J754 Challenger Jacket,Port Authority,48.53,Men,103970,133dbbeef349e698f0771304bf2317b3
13812,Socks,SockGuy Men's Mudflap Girl Socks,SockGuy,9.99,Men,18194,67c72f2c8f4750426c57134001819276
13813,Sweaters,American Apparel Fisherman's Pullover,American Apparel,78,Men,397153,56367b7449c3db8d8c6c8d0dadaca3f5
13814,Socks,Icebreaker Men's Run Cushion Mini Socks,Icebreaker,19.95,Men,129575,bed00dd5501918ffeab40f52890847d9
13815,Tops & Tees,Minus33 Merino Wool 500 White Mountain Work Shirt,Minus33 Merino Wool,96,Men,6155,60259ddab049b65ec0504730093cd961
13816,Tops & Tees,Top Quality Tropical Parrot Hawaiian Aloha Shirt,RJC,36.95,Men,35054,aa05ad86eeb36cd0a9f31c620fc43cc2
13817,Sweaters,Ben Sherman Men's Plectrum High Collar Textured Sweater,Ben Sherman,78.75,Men,322514,de0c9271f0c7bd463a340a7cf76d0fe9
13818,Blazers & Jackets,Allegra K Lady Deep V Neck Long Sleeve Dots Interior Padded Shoulder Fall Blazer Orange L,Allegra K,22.22,Women,161281,3cfcad38dedf3c0ae88925b4487645c6
13819,Sleep & Lounge,Briefly Stated Men's Family Guy Sleep Gift Set,Briefly Stated,26.99,Men,105057,7f0d1c40fa05058f5b9babb99749efb3
13820,Maternity,Maternal America Women's Maternity Boarder Print Mini Front Tie Dress,Maternal America,116,Women,94280,d50c0bdcc39ec4753f2694ec1e70df51
13821,Sleep & Lounge,Casual Moments Women's Bed Jacket Shawl Collar,Casual Moments,39.99,Women,3351,6e100e97d6f1a65e74c03da5c1934b61
13822,Fashion Hoodies & Sweatshirts,Warren Miller Lean-To Pullover Hoodie - Black,Football Fanatics,48.95,Men,628312,f797d210b27cc34318d4b81bb1875a4d
13823,Swim,Mens Liquid Metallic Hot Body Boxer Swimsuit Gary Majdell Sport,Gary Majdell Sport,16.97,Men,26110,6b48d35d84138903bf4ea82ed6fb77a2
13824,Fashion Hoodies & Sweatshirts,Metal Mulisha Men's Louder Hoodie,Metal Mulisha,52,Men,131262,c94e534be794159bb2b1395bbfffa241
13825,Swim,SURFSIDE Buttoned Bandeau Ruffle Polka Dot Bikini Set [KK1QJ81/98J],Surfside,15,Women,138860,f5ea27354e928f82f2004a1dd84fa5b9
13826,Fashion Hoodies & Sweatshirts,Allegra K Print Hooded Cyan Blue Long Sleeve Pullover Hoodie S for Women,Allegra K,24.16,Women,3257,9a9ed4e5332b43fc3b93492eea910344
13827,Pants,Paul Fredrick 100% Wool Gabardine Pleated Front Trim Fit Pants,Paul Fredrick,99.5,Men,631346,06af6d3f3cd0e5dfb43cddc55e95edc0
13828,Sweaters,Perry Ellis Men's Longsleeve Shawl Collar Cable Knit Sweater,Perry Ellis,140,Men,151646,35daca08e192ed967c3ed0a1f1985436
13829,Swim,Calvin Klein Men's Tubular Stripe Boardshort,Calvin Klein,74,Men,24581,ce377634249f0f6f70d3f7e0d2e21e23
13830,Intimates,Anna-Kaci S/M Fit Black Pink Polka Dotted Frilly Ribbon Peek A Boo Bra Panty Set,Anna-Kaci,15.9,Women,1130924,03eafc4270dfafa141848e2050428421
13831,Outerwear & Coats,Columbia Men's Tall Antimony Iii Jacket,Columbia,109.95,Men,19804,90975ccb86f50ca031a36726bca1a068
13832,Suits & Sport Coats,Ramonti Mens Classic Two-Button Genuine Leather Blazer,Ramonti,179,Men,372824,bac05436749e5d515cf5e0c90873381a
13833,Pants,LRG Core Collection TS Twill Pant - Men's,LRG,59,Men,398877,e081221fbbec386999d5311a413c88b7
13834,Accessories,Tom Ford Jennifer FT0008 Sunglasses - 38F Transparent Brown (Gradient Brown Lens) - 61mm,Tom Ford,214.5,Women,70803,aeb1da212e1570d307dcc44f9a33629d
13835,Suits,Nine West English Rose Short Sleeve Skirt Suit,Nine West,127.51,Women,1209639,bbae07761d8a628319a56992a70b06e4
13836,Leggings,Teez-Her Skinny Snake Print Legging,Teez-Her,19.9,Women,604220,ab4dcacad855fb0fa09afdda62dbdf3a
13837,Tops & Tees,Hanes 5680 Ladies 5 oz. ComfortSoft Cotton T-Shirt,Hanes,12.99,Women,10747,00121c762497dc8860396f66955756d7
13838,Plus,Suncloud Optics Aviator Sunglasses,Suncloud,35.26,Women,11969,93355188fcbcdb3a49dcfafdc8dcf3f8
13839,Intimates,Champion Women's Fitness Hipster,Champion,15,Women,41376,34784d27e24a622fc9fa7aa5a7c343c9
13840,Tops & Tees,BCBGMAXAZRIA Women's Clement Key Hole Top,BCBGMAXAZRIA,198,Women,359734,3f70173b1f2c63f676a791783b1777ae
13841,Swim,Mens New Solid Hot Body Boxer Swimsuit Gary Majdell Sport,Gary Majdell Sport,16.97,Men,16362,d42c0f3ea37df4004d499930d2b48172
13842,Swim,Reef My Name Is Plaid Stripe Board Short - Men's,Reef,90,Men,204094,10c4d5907c6e4b883c159e6b658e7430
13843,Accessories,Volcom Men's Leverage Leather Blt,Volcom,35,Men,20237,95cf76c3dbd26606fcaa4312af1d8077
13844,Fashion Hoodies & Sweatshirts,Paul Frank Mall Punk Julius Mp3 Player Hoodie,Paul Frank,63.95,Women,172715,f7c7f9ff418d06d0fc733a2bb4c39821
13845,Sleep & Lounge,Hanro Men's Camden Long Sleeve Crew Neck Pajama Gift Set,Hanro,132.3,Men,447898,08fe0501186906e401805591d7c86c7b
13846,Fashion Hoodies & Sweatshirts,Southpole Juniors Plus-Size Hooded Fashion Sweatshirt,Southpole,25,Women,167970,413d340061582f376a262fbf4c92ba3f
13847,Fashion Hoodies & Sweatshirts,Zoo York Pullover Charcoal/red Hoodie,ZOO YORK,49.95,Men,402087,aa6fce2c96e3bbfb516d306045126177
13848,Sleep & Lounge,"Varsity - Mens Plaid Flannel Pajama Pants, Black, Red",Private Label,20,Men,45701,628d8c90eb8434b38cb26e44b4885bb7
13849,Underwear,Diesel Men's Semaji Boxer Shorts,Diesel,25,Men,25625,6e7d8cbf81bf95df9c86e58745015f74
13850,Pants,Dockers Men's Limited Offer D0 Skinny Fit Casual Stretch Khaki Pant,Dockers,49.99,Men,319421,e58ef9f292fd83b4c0c73a0656ef69f9
13851,Shorts,Alpha Industries Men's Bomber Short,Alpha Industries,41.25,Men,273420,54e029837dc695bcace94559edebcd8a
13852,Accessories,Tumi Men's Horizon Double Billfold,TUMI,78,Men,31524,70beb252e150336d615e8a450f2d736e
13853,Shorts,Royal Robbins Men's Billy Goat Mtn Perfo...,Royal Robbins,54.95,Men,199327,38ccfbb3c971caebbf54bc2d754a9f66
13854,Outerwear & Coats,Nautica Men's Pea Coat,Nautica,89.99,Men,4786,29cbc16747c8310f7247a1fb93f90406
13855,Fashion Hoodies & Sweatshirts,Calvin Klein Jeans Men's Birds Eye Jacket,Calvin Klein Jeans,56.39,Men,71355,69dd2781b58143c95878397da7ef3644
13856,Socks,DC Men's Shy Guy Socks,DC,32,Men,356660,1e2a277a3abac2c91216a54155530e85
13857,Maternity,BellaBand Women's Everyday Bellaband,BellaBand,29,Women,559,24e85be849e2bae58bb169f5eeeec32d
13858,Shorts,Rusty Men's Disbatch Walkshort,Rusty,39.5,Men,196799,1ea13de5a9926c2c189e4c658794eeab
13859,Sweaters,Alfani V-Neck Tunic,Alfani,42.16,Women,157173,1f329fbe06c2db976ac5fb62c39824f5
13860,Plus,HotHeadz Ponytail Ear Warmer,HOT,14.99,Women,5095,4f3625a097aef0f0bf7202fa0fd6eb55
13861,Shorts,!iT Jeans Women's Coachella Canyon Stretch Shorts,!it Jeans,25,Women,209721,24c366d7ff9b72a0c77be61893f6dbe3
13862,Fashion Hoodies & Sweatshirts,American Apparel Dov's Hoodie,American Apparel,51,Men,76195,b7be057653a817beb7661e93496ae626
13863,Socks & Hosiery,Wrightsock Double Layer Cold Weather Running Quarter Sock,Wrightsock,9.56,Women,50349,8af5c9360250a16f6be3ad22f9e47efa
13864,Tops & Tees,allen allen Women's 2 Pocket Angled Tunic Tank Top,Allen Allen,25,Women,103530,250001a9ed028e1677b68d641d6aad42
13865,Sleep & Lounge,Hello Kitty Women's Print 2 Piece Long-Sleeve V-Neck Top and Pant Pajama Set,Hello Kitty,31.5,Women,104023,a3eb69b76afdb10db6f47c0d846f3ebe
13866,Dresses,2B Strapless Leatherette High Low,2b by bebe,39.95,Women,25480,f464da1e536ba0b7b1a1791befc4f3d3
13867,Sleep & Lounge,Bottoms Out Men's Flannel Sleepwear Gift Set,Bottoms Out,25,Men,6785,0d1e10d85d4297b7c124a5887057d5fe
13868,Suits & Sport Coats,Ralph Lauren Mens Single Breasted 2 Button Navy Blue Wool Blazer Sport Coat Jacket,Ralph Lauren,249.99,Men,86747,14e375d8cae6f79c98fc57c4b1868b68
13869,Shorts,Rip Curl Von Danger Walk Shorts - Grey Khaki,Rip Curl,44.99,Men,671450,56e8f30c7692828daa8308eec5f6c59d
13870,Fashion Hoodies & Sweatshirts,Twisted Heart Womens Terry Harlow Hoodie,Twisted Heart,112,Women,439020,ff70923a71e111d10429dbfcae879ff2
13871,Sleep & Lounge,WICKING COOL-JAMS SOPHIA BUTTON FRONT 2 PIECE PAJAMA FOR TRAVEL AND HOT NIGHTS,Cool-jams Wicking Sleepwear,73,Women,77135,f9a9c3c1b87d83fd1de2434baf73d44c
13872,Fashion Hoodies & Sweatshirts,Iron Fist - Womens Siesta Skull Hoodie in Black,Iron Fist,64.95,Women,311556,f319899b128856ba01895e449ebf552d
13873,Fashion Hoodies & Sweatshirts,Sauce Hockey ''Signing Bonus'' Womens Hoodie. Grey. Large. Hockey Apparel. F11W1001,Sauce,39.95,Women,939266,71a871e4a3bd4d209d93c7f7f9b4f3f2
13874,Jumpsuits & Rompers,Allegra K Ladies Scoop Neck Sleeveless Zipper Back Self Tie String Waist Jumpsuit Blue XS,Allegra K,11.95,Women,1149323,1773cf9289c0993f9c5b2c1e495f4e78
13875,Maternity,Motherhood Maternity: Sleeveless Belted Maternity Dress,Motherhood Maternity,39.98,Women,343347,c72a4a6a7ca2822a7207588d7221dc77
13876,Maternity,A Pea in the Pod: Pea Control Nursing Cami,A Pea in the Pod,39,Women,309789,2331d76c693c53f69df5b1cda6216937
13877,Dresses,BCBGMAXAZRIA Women's Magde Strapless Cocktail Dress,BCBGMAXAZRIA,298,Women,71054,e6d8e8acc8f2474023cad9191b59775d
13878,Tops & Tees,Joe's Jeans Women's Milly Top with Sequins,Joe's Jeans,150.99,Women,271199,07c76154dee209a066a4310bf8dd558b
13879,Fashion Hoodies & Sweatshirts,Fresh Laundry Women's Plus-Size Long Sleeve Hoodie,Fresh Laundry,83.79,Women,237266,5737f90772c66d908bc3595ac39bd485
13880,Pants & Capris,Bella Ladies 7.5 oz. Straight Leg Sweatpants,Bella,19.61,Women,201656,85f991d03279f47e2573ab966b2ed5bd
13881,Shorts,Hurley Juniors Lowrider YC Stretch Denim Short,Hurley,31.5,Women,195796,e07dcb90570951e8fa9e6f8d4ec2da53
13882,Swim,Roxy Women's Wave Wanderer Surfer Pant,Roxy,38,Women,113323,3842611420a5dd950c81ed4858c19459
13883,Swim,Speedo 2 PC Top Female,Speedo,31.95,Women,81417,93ab23e647a6639486e6b19eadc0c6dd
13884,Fashion Hoodies & Sweatshirts,Hurley Womens One & Only Slim Zip Hoodie,Hurley,35.99,Women,41003,a834ed0366a854d24209f3459039f4a4
13885,Maternity,A Pea in the Pod Collection: AG Jeans Secret Fit Belly(r) 5 Pocket Maternity Jeans,AG Jeans,215,Women,204551,cb202f1de8a42130ce0ac4630c799bd2
13886,Accessories,Outdoor Research Women's Oasis Sombrero Hat,Outdoor Research,34,Women,3923,b08fd21d16c63dfe2775f8d8623b383b
13887,Skirts,American Apparel Silky Shirred Waist Skirt,American Apparel,35,Women,39793,84f00414989e123d5399ab6e70586f1e
13888,Socks,Wigwam Men's Cool-Lite Pro Crew Socks,Wigwam,15.75,Men,28722,7314513ff4db8942b2247e6dd3efa4b5
13889,Dresses,Prom Chiffon Strapless Sweetheart Dress Long Gown #2875,US Fairytailes,99.99,Women,255615,1a3a4f46ddeec04ff6bab366cd09f525
13890,Socks,Stance Men's Sequoia Socks,Stance,9.99,Men,18365,3ef8393d17a419d63203f38cbfcd6541
13891,Swim,Quiksilver Men's Blast Off Boardshort,Quiksilver,62,Men,113308,5c4037630a060542706c2dcb77a7c956
13892,Accessories,Purple Cloche Fur Trim Fleece 3 Piece Hat Scarf & Glove Set,Luxury Divas,17.99,Women,26033,8def1c60fac77ddc33704aa818f4dfc3
13893,Sweaters,Men's Traditional Merino Wool Aran Sweater Green,CARRAIG DONN KNITWEAR,89.95,Men,42202,62990086a6768d9705f0fec368c6f77c
13894,Swim,Jantzen Women's Pretty Pin Dot Skirted Bottom,Jantzen,72,Women,59576,4e859acc1f246baafd6b1a7d562fb8c7
13895,Maternity,Tolani Women's Charlene Printed Tunic Dress,Tolani,97.64,Women,109475,1dcc0177bf28c9cd8ef26269fa857acc
13896,Socks & Hosiery,Foot Traffic Cowboy Boot Women's Socks,Foot Traffic,11.99,Women,89736,c1820567a22da56c62e8adee0c266c2c
13897,Leggings,Allegra K Woman Black Gray Elastic Waist Colour Block Pants Leggings M,Allegra K,10.78,Women,239089,bdda69f69925a30cb14a329e965393d2
13898,Swim,Coolibar UPF 50+ Women's Short Sleeve Paddle Swim Shirt - Sun Protection,Coolibar,59,Women,329744,08554828ffff948d73e33dad8638c3c2
13899,Blazers & Jackets,Mango Women's Buttons Military Blazer - Vic7,MANGO,34.99,Women,288428,fd087d4923a02f20a047baae09285636
13900,Swim,Womens Monokini Swimsuit Leopard,Beach Joy,32.99,Women,291590,010f69c0f61170d46e1ccae94b2137a7
13901,Intimates,Rene Rofe 2-Piece Sequin Bikini Set,Rene Rofe,13.88,Women,745039,a205eea9c70b92a482d61ce3c8008b08
13902,Leggings,Lily's Hosiery 120 Denier Winter Thick Colored Vertical Twist Stripe Patterned Leggings,Lily's Hosiery,10.99,Women,189408,54e8c2e3f4ed603c8728daa4b1f12ff6
13903,Jeans,TEXTILE Elizabeth and James Women's Jimi Distressed Jean,TEXTILE Elizabeth and James,194,Women,195779,c2873167a6079c507d0f2068b1beaf05
13904,Pants & Capris,Dockers Women's Soft Khaki,Dockers,39.99,Women,2964,2d14ea269a0ccdf3b11595a34df86a65
13905,Pants & Capris,Lee Women's Misses Natural Fit Pull On Pierce Barely Bootcut Pant,Lee,34.9,Women,152742,0abca6b76e7d89bf7820b18acd0028fa
13906,Accessories,Womens Designer Sunglasses With Rhinestones Shades Block 100% UVB UVA 2718,eyewear,13.23,Women,1139,43330b7b7b0ee083a2727f68da6a0cf2
13907,Blazers & Jackets,GUESS Connie Blazer,GUESS,148,Women,648095,978165ea5b9be0958adb510e60117440
13908,Outerwear & Coats,Walls? Women's Washed Sherpa - Lined Hooded Jacket,Walls,42.58,Women,104646,198480289892efa7fc2f337ccdb72600
13909,Swim,Quiksilver Men's Prisms Boardshort,Quiksilver,49.5,Men,198090,50aaeb0cb90eb661cfeab11170ce9516
13910,Active,Oakley Men's Protection II Hoodie,Oakley,70,Men,18095,1d8f8d7ad8dcbf68939fcf000880bc28
13911,Dresses,Allegra K XS Beige Applique Round Neck Accordion Pleats Tank Dress for Woman,Allegra K,11.81,Women,25121,606cfb38076d09c095a01a3233222bed
13912,Blazers & Jackets,GREEN KIMONO DUSTER JACKET SHORT STRETCH LYCRA LAGENLOOK - FITS (ONE SIZE) - L XL 1X 2X - U536S LOTUSTRADERS,LOTUSTRADERS,50.99,Women,645186,59ff63873bd5426b87b94fa8ee1f7a0e
13913,Jumpsuits & Rompers,WHITE JUMPSUIT LACING POCKETS LAGENLOOK - FITS - 2X 3X 4X - T593S LOTUSTRADERS,LOTUSTRADERS,47.99,Women,1091632,773653371ac307d5aa5b7431b620daff
13914,Swim,Kanu Surf Men's Challenge Swim Trunk,Kanu Surf,25,Men,40625,dd23809eb1cd769c9a768da39de81dd2
13915,Maternity,James Jeans Women's Maternity Twiggy Midrise Skinny Jean,James Jeans,132,Women,50722,5891aafe7882cc33d1edc6e4fd6558b0
13916,Outerwear & Coats,Knox Armory M-65 With Liner,Alpha Industries,76,Men,91477,873a3b515e05b8d56a1c42c89300794c
13917,Shorts,"Izod Plaids (Small) Ocean Blue (grey/blue, dk blue and grey) Flat Front Walking Shorts",IZOD,40,Men,662799,58fcd6dfca27b9f2c5ab8aafc6fae41c
13918,Leggings,ililily Leg Warmer Leggings Lightweight Full length Stretch Skinny Pants (leggings-wrmr-9211),ililily,18.99,Women,411942,969e3e0e4d89ab5fec8e658aa088c817
13919,Swim,Metal Mulisha Men's Major Boardshort,Metal Mulisha,42,Men,216010,1dd2fca7af6e76d01f118fdada7bb59a
13920,Fashion Hoodies & Sweatshirts,Hurley Mens Camo Double Knit Hoodie,Hurley,27.99,Men,111494,921b1b2f30c662c3452810b48608e7b3
13921,Pants & Capris,Slinky Palazzo Pants with Chic Twist Waistband from Hot Fash Pants - EXODUS Red,Hot Fash,32.99,Women,179757,170b3a15b0ebec0e51877bb4c1332fd4
13922,Fashion Hoodies & Sweatshirts,ALPINESTARS Men's Phenomenal Fleece Hoodie,Alpinestars,79.95,Men,214437,a376d2e31dc61049798f1c2ca9fedb38
13923,Fashion Hoodies & Sweatshirts,DC Men's T-star Print Fleece Top,DC,59.5,Men,136119,809e8f511a805e8d0fa3eb7dc3ad860f
13924,Active,Helly Hansen Men's Fly Pant,Helly Hansen,54.73,Men,10760,ef22cc8e70f3dafa2a44579f65a9085c
13925,Accessories,Oakley Men's M-Frame Sweep Sunglasses,Oakley,140,Men,67163,5853ff44ff8a21b6749e3c0ac3282f0e
13926,Blazers & Jackets,Allegra K Ladies Long Sleeve Knit Flower Neck Decor Bow Tie Back Blazer Black XS,Allegra K,14.41,Women,187543,679220d22ca970ea8a93b3bae94a094b
13927,Blazers & Jackets,Parker Women's Leather Jacket,Parker,144.34,Women,934213,613ad69d5d215cee99c4d3a87c7972e4
13928,Sleep & Lounge,Down Robe Extra-Large (20-22) and Matching Slippers,Warm Things,129.74,Women,176419,c7d5f0c594bfdac3eeb5b7e3c77ec5ef
13929,Shorts,Mod-O-Doc Women's Slub Jersey Beach Short,Mod-O-Doc,25,Women,213033,2eb5996bf0e39048b4b99119d78f7556
13930,Accessories,100% Silk Woven Burnt Orange (Rust) Paisley Tie,TheTieBar,15.99,Men,24526,02a69a3baa90e1edb63f4e9bf0e4cdf4
13931,Dresses,Allegra K Women Convertible Collar Double Breast Long Sleeve Autumn Dress Black M,Allegra K,15.86,Women,3541,6c9820ea1ac1cbd5c88561c902bf2282
13932,Swim,Quiksilver Men's Trolling Boardshort,Quiksilver,49.5,Men,51398,e5198427ca793ba10f0521c0d514b65e
13933,Skirts,LibbySue-A Breezy Flowing Gauzy Skirt,LibbySue,17.99,Women,267008,8f54cfdae90e9eee4968e1fa4ef022ea
13934,Plus,JMS Comfort Top Legging - 89003,Just My Size,6.57,Women,3282,51a04b354fec6f80ddce2f8d1e52b13b
13935,Fashion Hoodies & Sweatshirts,Magenta Pink Hooded Fleece Lined Zip Up Hoodie Jacket,Jon & Anna,22.99,Women,33017,bd7988e2cca499d5828de321fed0611d
13936,Active,Sporthill Womens XC Pant,SportHill,119.95,Women,6959,7fc2157456a28c8769cf6f6a2e48cf9f
13937,Underwear,Rated M Men's 2-Pack Crew Neck T-Shirt,Rated M,24.61,Men,35309,4db86459cbd84493b7e9c2857f7940d8
13938,Swim,Original Penguin Men's Pieced Boardshort,Original Penguin,51.75,Men,53644,70b894d8f20bc882840d6bb7f7bc1638
13939,Leggings,Soho Apparel Girls Seamless Lady Printed Jean Capri Legging SG-SPC04 Nylon Spandex,Soho Girls,6.99,Women,199276,e61a2891c5b4116caf72ffb302efe08f
13940,Active,Clouds Yoga Hot Pant by Teeki (eco-friendly!),Teeki,59.95,Women,10516,ddc3131e249f555233dc38ae7240452c
13941,Outerwear & Coats,Roxy SNOW Women's Evolution,Roxy,110,Women,142493,f51e0055d076e821a2784a94e74a80af
13942,Sleep & Lounge,Cheetah Plush Pajama Pants for Women,Lov to Sleep,11.99,Women,99483,a5c673978f3f7c5462e290f23f274da2
13943,Fashion Hoodies & Sweatshirts,MJ Soffe Juniors Burn Out Hoodie Tee,MJ Soffe,25,Women,2470,aad15d534fea065b875a8063bbf48d02
13944,Jeans,Wrangler Men's Cowboy Cut Original Fit Jean,Wrangler,50.3,Men,279,6720fb1faf0ef6f437b1138517ef9f63
13945,Suits & Sport Coats,Paul Fredrick Seersucker Suit Vest Separate,Paul Fredrick,74.5,Men,97791,4e538c8dd1d14e06dcb3b1ebf55f49a9
13946,Accessories,Adventure KidZ BanZ Age 2-5 Sunglasses,Baby Banz,14.34,Men,7814,0e04854f842c953e9c8bda25cc3ee065
13947,Sleep & Lounge,Gray Checked Short Pajamas for Men,Comfort Zone,14.99,Men,371710,0819b259c7c3d84e0d28071b4081c3e3
13948,Accessories,LOCS Sunglasses Hardcore Black Dark Lens 0103 Designer Stylish w Bag,Locs,3.7,Women,4880,10570412a3b564053d00c980d03c5bcb
13949,Shorts,Rip Curl Men's Mirage Walk Short,Rip Curl,59.5,Men,457178,a7a2acc4fa804788b25609376fa0faad
13950,Sweaters,Quiksilver Waterman North Curl Sweater - Men's,Quiksilver,69.5,Men,343526,a997d0051915552075733e73bc1b5899
13951,Swim,"2EROS - S03-07 - ICON2 Low Rise Quick Dry Swim Shorts - Black, Mystic Pink or Blue",2EROS,56,Men,140817,c60b99b395ff0e70d3ed7d9288ff5fd7
13952,Suits & Sport Coats,Allegra K Mens Peaked Lapel Long Sleeve Stretchy Pockets Front Casual Blazer Black S,Allegra K,15.89,Men,298132,e9128aab8747c38012227cbfa2d0ffcb
13953,Fashion Hoodies & Sweatshirts,Allegra K Lady Zip Up Front Long Sleeve Side Pockets Casual Hoodie Watermelon Red XS,Allegra K,11.25,Women,686953,547b9c935cfd2ad13f6c86de99c0d222
13954,Skirts,BCBGeneration Women's Seamless Pullup Skirt,BCBGeneration,25,Women,56264,4703fc07a2a350d748c6c6d0cac31c3c
13955,Intimates,Nippies Neon Yellow Pink Leopard Star Waterproof Self Adhesive Fabric Nipple Cover Pasties,Bristols 6,15,Women,184855,748fbc59468d68722f0a66b457a00cbb
13956,Dresses,Tiana B Women's Printed To Perfection Dress,Tiana B,69.99,Women,208725,c71be2e6356c7482e35911d351c8a7ac
13957,Sweaters,Patty Women Trendy Asym Hem Long Slevee Ribbed Jumper Cardigan,Patty,41.98,Women,110012,5f82d0fb2df1c960f4ad33cfb4449cbc
13958,Sleep & Lounge,American Apparel Flannel Pajama Pant,American Apparel,38,Men,293879,90d67935d3080b7960ae09491fb196cc
13959,Accessories,Curlycue Big Lense Sunglasses,GirlPROPS,5.83,Men,2532,18ed8462b80d33058d5bd8cfe39b3835
13960,Intimates,Braza Magicups Adhesive Bra Style S/7000,Braza,16.31,Women,463269,7e664fdbf7f34c25c6c04022495e9da1
13961,Shorts,American Apparel Unisex Corduroy West Coast Short,American Apparel,34,Women,862494,43c22e5c2875f62ec59035423f931a32
13962,Swim,"Jor - Sport - Comfortable Boxer Swimwear with Contrasting Color Side Stripes, Trim and Waistband - White, Blue, Grey or Black",Jor,28,Men,46580,50b8651b92f70f77916d8d8bea40e3e1
13963,Tops & Tees,Allegra K Lady Burgundy Boat Neck Bead Accent Off Shoulder Top S,Allegra K,10.38,Women,145052,ef9134f3513b46714f393eaefed080b0
13964,Dresses,Robert Rodriguez Women's Long Sleeve Fitted Pencil Dress,Robert Rodriguez,395,Women,178590,1deb0a3d5f5580c4e565049ad85fa474
13965,Accessories,Electric Visual KB1 Wrap Sunglasses,Electric,61.15,Men,33102,59082abba8cc4dca23227dfd763f53fd
13966,Jeans,Joe's Jeans Men's Martin Classic Fit Jean,Joe's Jeans,138,Men,22976,da7216d84a803d8cc83076109ef5c626
13967,Tops & Tees,Allegra K Ladies Batwing Sleeve Solid Color Buttons Decor Back Loose Tunic Shirt Black L,Allegra K,13.3,Women,10960,1bd69f1b0a84b056370405c51022a55c
13968,Fashion Hoodies & Sweatshirts,neff Men's Corpo Fashion Hoodie,NEFF,50,Men,136093,91a44fbb682a690a8d2b6c25ec03d88e
13969,Pants & Capris,Rafaella Women's Modern Slim Pant,Rafaella,25.19,Women,28506,620773529db7c337d474ebf4debecf65
13970,Shorts,Joe's Jeans Women's Denim Short,Joe's Jeans,48.11,Women,588783,3849a635e8fff276716d2f332bd5f97d
13971,Fashion Hoodies & Sweatshirts,Roxy Juniors Turnout Zip Front Hoodie,Roxy,40.61,Women,113943,a38e1a842ff5659531d9b0e11e0e24a6
13972,Jeans,Rock Revival Women Jeans Essie T3 Straight Leg Fleur Flsp Pocket Bootcut Jeans,Rock Revival,148,Women,143743,a5bc8018c4e0119975a57a8253ad18ed
13973,Swim,Speedo Men's Mercury Splice Endurance Plus Jammer Swimsuit,Speedo,48.99,Men,16227,d4991f287b3d87aa0faa9e2bbff2e702
13974,Blazers & Jackets,Sutton Studio 9223 Linen Blend Jacket,Sutton Studio,44.78,Women,1199984,51fde3bd890be553dbd5da41cd9b74d1
13975,Leggings,Allegra K Ladies Elastic Waist Faux Leather Stretchy Skinny Leggings Red XS,Allegra K,9.17,Women,450951,91d696cbd7091c1329a2be711c33129d
13976,Socks & Hosiery,Steve Madden Legwear Women's 6 Pack Fashion Low Cut Athletic Herringbone Pattern Sock,Steve Madden,14,Women,82322,f1ad0b5b65057494416f828c9bc1ac57
13977,Jeans,DL1961 Women's Amanda Skinny Traveling,DL1961,167,Women,101311,5b9d5e08d370b2f18d5005b77dc057f1
13978,Intimates,"Classic Camisole Top with Lace Trime & Adjustable Straps (46, Black)",Under Moments,10.88,Women,874845,5ca961f5796c2d7b8a274174665f721a
13979,Maternity,Motherhood Maternity: Sports Clip Down Nursing Bra,Motherhood Maternity,22.98,Women,88487,6fd2c3a6bce32b2ca4ce50a4aa86822e
13980,Sweaters,Sag Harbor Women's Plus-Size Boat Neck Sweater,Sag Harbor,31.92,Women,40580,e8626d35d268715b2cbf34631894213f
13981,Accessories,100% Silk Woven Apple Paisley Tie,TheTieBar,18.99,Men,8581,74662214d47b25871f378c7773ca9abb
13982,Plus,Flexees Women's Flexees? Take Inches Off? Wear Your Own Bra Singlet #2556,Flexees,59,Women,7346,4f8bc6b06d3cf778dfd1ac2fb1498269
13983,Fashion Hoodies & Sweatshirts,DC Radar Full-Zip Hoody - Men's,DC,76,Men,86200,14e17b804f3019168c85377d6db6a9d9
13984,Swim,Miraclesuit Solid Sideswipe Swimsuit,Miraclesuit,144,Women,130635,f95b64d66ca1cbf6176973ec6b83cc1f
13985,Jumpsuits & Rompers,Juicy Couture Womens Stripe Shorts Romper,Juicy Couture,71,Women,92212,a8860f915bfd1a036592ca3916058e7c
13986,Jeans,Levi's 512 Petite Perfectly Slimming Boot Cut Jean with Tummy Slimming Panel,Levi's,36.99,Women,2894,2cb7d7d313d27f04da4965f241d2ffc2
13987,Fashion Hoodies & Sweatshirts,2117 of Sweden Varmland Fleece Purple Womens,2117 of Sweden,53.97,Women,657041,092525aef1d705d8d57cd919509c1844
13988,Sweaters,Christopher Fischer Women's 100% Cashmere Tunic,Christopher Fischer,107.5,Women,71453,f0b027f539385edc12f3a6332a02019c
13989,Underwear,Clever Men's Advanced Latin Boxer Brief,Clever,30,Men,146272,9c43b297e53787e69de32bc52ca498ac
13990,Underwear,Intymen Sexy Boxer 5999,Intymen,24.5,Men,61189,82c25d9b26865835fff1823a6113e4f6
13991,Skirts,Lilla P Women's Stretch Bias Cut Maxi Skirt,Lilla P,90.9,Women,282158,9a5978aa1dcbb4f4e4f76c595831a79b
13992,Maternity,Impact Fitness - Classic Long Pant Maternity Yoga ActiveWear Pants (Tall Inseam),Impact Fitness,68,Women,294684,94b0aab8b0bbe124888f4855fb8cfca2
13993,Active,Life is good Summit Meeting Men's T-Shirt,Life Is Good,26,Men,61510,098752e8c1779fe7f686e66e1817a646
13994,Socks & Hosiery,Hanes Silk Reflections Women's Too Day Sheer Reinforced Toe Pantyhose,Hanes,36,Women,73132,bc213c11e253f675d09611ee7e2c8f13
13995,Tops & Tees,Devon & Jones Blue Ladies' 100% Cotton Savile Patterned Dress Shirt. D600W,Devon & Jones,29.99,Women,3115,c238f4366fffdf6c4e8c91926733bc5b
13996,Fashion Hoodies & Sweatshirts,Volcom Juniors Pyrus Basic Hooded Full Zip,Volcom,60,Women,79636,9095a6820c90a279c9e5a047189824a8
13997,Swim,"Sunsets 35B-BLCK Black Shirred Swim Skirt,",Sunsets,64,Women,189255,aa41a3ce5eeecf44ba038c4d9d52fb0c
13998,Fashion Hoodies & Sweatshirts,Etnies Men's Classic Zip Fleece,Etnies,53.95,Men,298279,134f1e38cbda315e2df43707b13ce55e
13999,Outerwear & Coats,Allegra K Women Front Opening Long Sleeve Hooded Casual Winter Warm Plush Coat Beige S,Allegra K,28.81,Women,8228,61d2631ae460a5bb6ca8141d19ddcfbe
14000,Pants & Capris,Allegra K Woman Solid Black Stretch Baggy Pockets Cropped Harem Pants L,Allegra K,9.05,Women,72241,16556e3db5d01ecbb0831f65e19f84bc
14001,Outerwear & Coats,Columbia Men's Glennaker Lake Rain Jacket,Columbia,60,Men,327,f3e910210f1d84e6ad913307528a34cf
14002,Pants & Capris,Anne Klein Collection Women's Pleat and Flap Pant,Anne Klein,45.87,Women,367593,bcc9d028226afd93501170999845d15e
14003,Blazers & Jackets,Allegra K Women Half Sleeve Padded Shoudler Deep V Neck One Button Semi Sheer White Blazer XS,Allegra K,9.88,Women,647406,bf0e96f5cd619eaae45c93fdfd2af4f1
14004,Swim,Teal Cove Men's 9 Inch Paneled Pipe Boardshort,Teal Cove,38,Men,125955,a00b57222720487f3eaefc2d210708d0
14005,Tops & Tees,Alki'i Premium 3-pack Spaghetti Strap Tank Top Cami Set,Alki'i,25,Women,4612,231b0df0fef3f3f0070677875716bf39
14006,Underwear,Nautica Men's Nautica 3 Pack Full Cut Brief,Nautica,29,Men,18356,fc0bdb8bfe206a0fa2f9994323e25f5c
14007,Suits & Sport Coats,Original Penguin Men's Two-button Blazer,Original Penguin,202.99,Men,628406,6e28cb67dd21b1126f11cd9e795702c4
14008,Swim,Oneill Men's Lopezfreak Short,O'Neill,70,Men,114544,60a08cac44786ea433abed6d35d015d2
14009,Fashion Hoodies & Sweatshirts,Ed Hardy Womens Rope & Tiger Hoodie - Mustard,Ed Hardy,49.99,Women,110719,952e5bddd1b0d58aab0c50933bdd6a21
14010,Blazers & Jackets,Dunbrooke Lady Eldorado Coat - Ladies Denim Blazer Jacket. 8504,Dunbrooke,59.99,Women,190521,2aba42bdebe5ddad3f39b2205f133981
14011,Plus,Hobo Women's Belinda CP-4102BLK Wallet,HOBO,87.94,Women,68837,6fcb27fcbf9474a2c12e68be83e05dd8
14012,Underwear,Hanes Men's 3 Pack Comfortblend Short Leg Boxer Brief,Hanes,25,Men,17101,9ccc4357b4f3ad49dc9c5385d123e69d
14013,Sweaters,Ralph Lauren Sport Women Wool/Cashmere V-neck Pony Logo Sweater,Ralph Lauren,64.99,Women,69067,a3b9fb6a2fd9c3f07701a0ef3e505cad
14014,Sweaters,Tommy Hilfiger Womens Cable Knit Cotton Logo Sweater,Tommy Hilfiger,44.99,Women,71812,3024ef802be131265c46d8d613f91cba
14015,Jeans,Wrangler Men's Cowboy Cut Slim Fit Jean,Wrangler,49.99,Men,767,21bfdc142033343c0d801e2ef91c3202
14016,Fashion Hoodies & Sweatshirts,Allegra K Newspapaer Print Long Sleeve Hooded Jacket Coat S for Women,Allegra K,14.47,Women,275306,8f21b60c37ed5464a6fd906f23b8bd41
14017,Outerwear & Coats,Chestnut Hill Men's Polartec Full Zip Fleece Jacket. CH950,Chestnut Hill,51.99,Men,34510,5f8b0c28ce5840a92d4d3fc741b39cee
14018,Active,Gold Toe Women's 3-Pack Wimbledon Athletic Turn-Cuff Sock,Gold Toe,10,Women,3732,38d57a0b7fa2ac21f41793aa30613586
14019,Jeans,Wrangler Men's Retro Mid Rise Boot Cut Jean,Wrangler,59.99,Men,25671,27d8f083cb695a2999836edae854c59c
14020,Shorts,Alpha Industries Rip Stop Short,Alpha Industries,999,Men,748017,006f26d27cdbca8541df0e106aaa9582
14021,Shorts,Womens Camouflage Mini Shorts,ANS,16.5,Women,700644,ece86782379cbc7220088a5991e457b6
14022,Fashion Hoodies & Sweatshirts,Star Wars Coalition Stormtrooper Men's Track Jacket White,Mad Engine,52.99,Men,325662,dc1c74474db68760792b2e1af87cde76
14023,Dresses,Bobi Women's Modal Jersey Cowl Neck Dress,Bobi,60,Women,208355,770fe3509b765f02d35f5f93d8413cb8
14024,Jumpsuits & Rompers,XOXO Juniors Medallion Halter Romper,XOXO,38.24,Women,1157815,71fa2de913b37e53ef0b5d2b1a37ab6f
14025,Tops & Tees,Tri-Mountain Men's Big And Tall Glen Plaid Pattern Dress Shirt. 724,Tri-Mountain,14.99,Men,20613,a9f88f07bef672be194b64b4ce97fc31
14026,Plus,Ralph by Ralph Lauren Women's 0RA4004 Aviator Sunglasses,Ralph by Ralph Lauren,59.58,Women,2575,429f170cdc013795cc338c63c1f112c8
14027,Pants,Dockers Men's Outdoor Khaki D3 Classic Fit Flat Front Pant,Dockers,38,Men,64535,6ed667f51b1a32d31e4019c137370e7c
14028,Sleep & Lounge,Derek Rose Men's Flannel Classic Pajama Set,Derek Rose,250,Men,337331,5850422223a5f3825be30d8bfdf3974e
14029,Pants,Dockers Men's Limited Offer D2 Straight Fit Poplin Pant,Dockers,49.99,Men,161373,8d5797ff5aec2c66660878c009e3b036
14030,Swim,Fox Womens Rockstar Spike Vortex Triangle Top,Fox Outdoor,39.5,Women,134461,87bae33f95cf6b34791f03076e4af98c
14031,Fashion Hoodies & Sweatshirts,Diamond Supply - Mens Diamond All That NY Crewneck Sweater in Black,Diamond Chain,59.95,Men,159696,7fc20e1ffc1f9d682808ae8d3b01019e
14032,Tops & Tees,Woolrich Men's Salt Creek Shirt,Woolrich,29.4,Men,57102,7d90a6ae73f106c2029a6b8f5b83535e
14033,Plus,HUE Women's 3-Pack Flat Knit Knee Socks,HUE,18,Women,1917,b835ecd1f44883cd72aac3fdd74aec19
14034,Fashion Hoodies & Sweatshirts,Union Jeans Men's Nine Mile Long Sleeve Pull Over Hoodie,Union Jeans,62,Men,80073,f08a121fac68824e8192d16f4f893382
14035,Accessories,Canada Goose Women's Down Glove,Canada Goose,124.93,Women,32480,31d45d209f87ee109a4d69154d07a0c3
14036,Jeans,AG Adriano Goldschmied Men's Matchbox 5 Pocket Slim Straight Jean,AG Adriano Goldschmied,189,Men,153768,21b6361cf53b601d1c36354c9d988a7f
14037,Outerwear & Coats,Levi's Men's Washed Cotton 2 Pocket Trucker Jacket with Sherpa,Levi's,79.99,Men,11347,2199073fdb824a5e39aa63748ad33a1a
14038,Maternity,A Pea in the Pod: Spaghetti Strap Square Neck Lace Trim Nursing Nightgown And Robe,A Pea in the Pod,95,Women,345375,2bbc08029fa11d98c25b510438cdf35a
14039,Active,PUMA Men's BMW Hooded Sweat Jacket,PUMA,119.9,Men,57544,3f991570e2913c8dc86e54c73a9b342e
14040,Intimates,Skelapparel Black Petticoat Three Layers Underskirt Pannier,Skelapparel,39.95,Women,235922,7016d490df93be3fdb00313c1be38777
14041,Socks & Hosiery,Sock It To Me Koi Fish Knee High Socks,Sock It To Me,9.27,Women,3249,cbeee397f0ea8eb2cea58687be10cf88
14042,Sleep & Lounge,Casual Moments Women's Shawl Collar Set,Casual Moments,87,Women,5246,eda3f6ca102f129be6711526fd2fabef
14043,Maternity,A Pea in the Pod: Memory Foam Nursing Bra,A Pea in the Pod,55,Women,58396,898aad1cfce8870e3a6d2c8cbbdd28eb
14044,Intimates,Hanes Women's Cotton Stretch Bikinis Assorted,Hanes,8.7,Women,7399,bb546c39201f00da4c412242e5e36b75
14045,Intimates,A Line Bridesmaid Slip Elastic Waist (100N),BridalPetticoat,29.95,Women,416806,da0514128a66c6a892d95827f74c3c0b
14046,Outerwear & Coats,Columbia Men's Peak 2 Jacket,Columbia,349.95,Men,158640,0b946f0309bb977e9136fa8f36b8a3ab
14047,Sweaters,Polo Ralph Lauren Men Cashmere V-Neck Sweater,Ralph Lauren,154.99,Men,191861,73fdab9fad7dbef058f60be9806a9649
14048,Dresses,FITTED RUCHED SEXY LEOPARD STRAPLESS PARTY MINI DRESS,Hot from Hollywood,39.99,Women,33267,9eb8c01339e48efe7cbcd8528a783329
14049,Accessories,Ray Ban RB3447 Unisex Icons Sunglasses - Choice of Frame and Lens,Ray-Ban,99.95,Women,84777,71fecdb13383d35b689b7ea87a6c5ecc
14050,Socks,point6 1153 Active Light Cushion Mini Crew Socks,point6,16,Men,99623,f03c4af93fe44a723b26158164c2a33e
14051,Socks,Hanes Men's 10-Pack Classics Cushion Crew Socks 6-12,Hanes,20,Men,1164,74078167d26b75836a030fc232b7fd29
14052,Tops & Tees,Eddie Bauer Long Sleeve Classic Fit Legend Wash T-Shirt,Eddie Bauer,27.95,Men,27414,571c48396e4c05d1d9dd4e385b182a03
14053,Sweaters,U.S. Polo Assn. Juniors Sweater With Shawl Collar,U.S. Polo Assn.,26.99,Women,3994,4a134cb0fea9a7d0624c77d24fc3080b
14054,Blazers & Jackets,Allegra K Ladies Shawl Collar 3/4 Sleeve Self Tie Strap Blazer Black S,Allegra K,14.23,Women,548224,7e3d35b5b35ce42150bd90c952b4ed74
14055,Leggings,Allegra K Ladies Drawstring Waist Faux Leather Patchwork Leggings Light Gray XS,Allegra K,11.35,Women,250571,b728fbcc9c841198d5dbb854cc4fae4e
14056,Blazers & Jackets,Anne Klein Women's Tweed Jacket,Anne Klein,101.49,Women,191181,9d7b5b5ec35a895be1a707b3031d020a
14057,Accessories,Nautica Men's Checkbook Secretary,Nautica,29.99,Men,8312,8c15b458e0e0ff2a6104949cd65bbfab
14058,Dresses,BCBGeneration Women's One Sleeve Cut Out Dress,BCBGeneration,88,Women,78725,6ae18aacf125985df8b47068168b4455
14059,Fashion Hoodies & Sweatshirts,Kawasaki Flawless Hooded Sweatshirt Ninja KX Green Hoody Hoodie,Kawasaki,54.95,Men,226002,143d2c2d2daf45b1d12abb529c2f420b
14060,Socks,Timberland Men's Comfort Crew Socks,Timberland,24,Men,17329,23ad094641bbceb11bfde2c42ce62b0a
14061,Socks & Hosiery,Hot Sox Cats Socks,Hot Sox,6,Women,14274,6dc9a3e591108fdbd7a5868046d9f428
14062,Intimates,Bali Women's Moderate Control Tummy Panel Brief 2 Pk - X710,Bali,37.44,Women,5981,d44747d95a2614130a754b7c8d39011f
14063,Jeans,Minus33 100% Merino Wool Base Layer 706 MidWeight Bottoms,Minus33 Merino Wool,71,Men,962,eedbad961d368b0cc57393f307123290
14064,Pants & Capris,Briggs New York Women's Plus-Size Flat Front Pant Short Length,Briggs,44,Women,84896,faeb9d1f03cfa817387b386e8d7f68c1
14065,Dresses,Allegra K Black Knitting Cross V Neck Stretchy Tunic Dress S for Women,Allegra K,13.43,Women,4241,b8c0c00d20ae10a0bf0ac0e9cb7ad9f3
14066,Jeans,Vintage Distressed Slim Straight Fit Denim Jeans,Hot Topic,23.98,Men,208040,83c0a0081ec05b16401db7f0829eed4c
14067,Plus,Womens Designer Sunglasses Shades Block 100% UVB UVA,DG Eyewear,3.99,Women,3612,794d06d3acbd4a73b8656b2bfeb93320
14068,Maternity,Atlas Band Combo: Pregnancy Band and Postpartum Accessory,Atlas,96,Women,36069,bdf691c73a7cedce0a153030aa5fb9a4
14069,Socks & Hosiery,Ladies 6 Pairs Winter Fuzzy Warm Plush Thick Solid Nonslip Grip Ankle Socks Set,SK Hat shop,17.95,Women,20384,adf6abbaa08aaf9fa082f0c9b8827d6d
14070,Shorts,Unionbay Men's Salem Yd Chino Short,UNIONBAY,31.5,Men,280464,f0dc46b2660cfdef762be9300030b0f3
14071,Sleep & Lounge,Big & Tall Flannel Robe by Foxfire,FOXFIRE,44.88,Men,186137,845b7563a1f24f93c9842a6a9d4d6dc4
14072,Outerwear & Coats,Dockers Men's Limited Offer Washed Cotton Barracuda Jacket,Dockers,53.99,Men,22905,af151a0c81cafca5b1ac55342e1006aa
14073,Socks,Polo Ralph Lauren Men's Ankle 6-Pair Socks 10-13,Polo Ralph Lauren,23.98,Men,17403,551b2fa68db250adcba86c426ac246f7
14074,Pants & Capris,Exofficio Bugsaway Ziwa Women's Convertible Pants / Petite,Orvis,98,Women,717446,8e3faf2d0288af6b9de0540be7c97080
14075,Jeans,KUT from the Kloth Women's Stevie Straight Leg Jean,KUT from the Kloth,47.88,Women,19294,791190d48a80a7f035ad5911a099206d
14076,Blazers & Jackets,Robert Rodriguez Women's Tux Boyfriend Blazer,Robert Rodriguez,191.25,Women,328507,c1857171cd5cc1b9cba1d3e7df29adad
14077,Pants & Capris,BCBGMAXAZRIA Women's Michael Relaxed Pant,BCBGMAXAZRIA,80.98,Women,53706,0ecf24b3a1e5b5be368595d4cc8376f9
14078,Pants & Capris,Alfred Dunner Sonoma Valley Flat Front Pants,Alfred Dunner,29.99,Women,247679,0dd22c19ae8aa8bc1d67fd55d7e7bf34
14079,Socks & Hosiery,Anne Klein Womens Cashmere Sweater Tight,Anne Klein,40,Women,69528,4fe489c252736aeaef0b5a4166373b1c
14080,Outerwear & Coats,Outdoor Research Men's Transcendent Vest,Outdoor Research,140,Men,8995,1ae2c12962bce76397c9b7538d4cc69d
14081,Jeans,PAIGE Women's Petite Skyline Boot Jean,PAIGE,100.99,Women,31636,2e9dc2e622bd6fa2944cfd5093bab32c
14082,Intimates,Charmuese Chemise or Slip - Women's,Vx Intimate Inc,30.95,Women,144670,e765b03e6929eca5a26dfceb458e3610
14083,Jeans,Not Your Daughter's Jeans Women's Petite Velvet Claire Legging,Not Your Daughter's Jeans,120,Women,212171,f2ad5c472af2903fdd7e47b046053959
14084,Swim,Echo Design Women's Graphic Diamonds Tunic With Beads,ECHO,98,Women,36566,57791f2ce8bdc5669bb924d880a8ed54
14085,Shorts,Saratoga V-waist Short,Fit Couture,43,Women,398437,22c79427f7705a9c97c7b8cad18824f3
14086,Sweaters,Izod Men's Tipped Shaker Cotton Quarter Zip Black Heather Sweater,IZOD,47,Men,341070,b1f9133f9d6c1b119436b97565b7de7e
14087,Intimates,Girl's Full Tea Length Tricot Slip,C.C. World,16.99,Women,82382,3774c881d98308a8ecc8f6a666b9576a
14088,Active,adidas Women's Response Warm-Up Pant,adidas,43.99,Women,48299,f8c5d44a289faea949bc044bb622cac7
14089,Intimates,3-piece Babydoll Set with Handcuffs-red,SEX NIGHT,24,Women,31462,ffcbb565cedd95dd13709c6b3df0fc83
14090,Pants & Capris,Sutton Studio Women's Bootcut Velvet Jeans Misses,Sutton Studio,49.99,Women,335634,aa8b58c0e0ca3c7be21664790d0f314d
14091,Fashion Hoodies & Sweatshirts,Tapout Juniors Corest Hoodie Sweater,TapouT,32.08,Women,118678,02cfc4cfae06707589873b29e1df3a52
14092,Swim,Calvin Klein Women's Solid Skirtini,Calvin Klein,54,Women,178701,e079e7f51c35e6278fcc2118105ef76a
14093,Pants & Capris,Dockers Women's Petite Metro Trouser,Dockers,39.99,Women,15002,67d7eb78f602e161fccafd6acdac404f
14094,Jeans,See Thru Soul Juniors Basic 5 Pocket Skinny Jean,See Thru Soul,25,Women,128292,017d9323e006c2d8db1f87097c2ee96c
14095,Intimates,Levusha Fashions Ladies Panties Fine Nylon Spandex All Over Lace Cheeky,Levusha Fashions,6,Women,14870,7b1ad05f00ab945c4be8646260afb2b9
14096,Sleep & Lounge,HUGO BOSS Men's Woven Long Elastic Pant,HUGO BOSS,34.3,Men,216366,bd85b63a8d95addd706cb16d04b0dce7
14097,Socks,Lorpen Camo Hunting Sock,Lorpen,12.99,Men,116169,3dfc1392bef2519911b1c90789909f89
14098,Fashion Hoodies & Sweatshirts,Metal Mulisha Era Full Zip Hoodie - Black,Metal Mulisha,52,Men,118895,33fc4bf4b7473fa914314c5a9ef881ed
14099,Tops & Tees,Chestnut Hill Ladies Performance Plus Long Sleeve Twill. CH605W,Chestnut Hill,29.99,Women,4148,32ffeccd9f1f09c0a3007e9807e9348e
14100,Sweaters,SmartWool Howelsen 1/2-Zip Sweater - Men's,SmartWool,114.95,Men,108527,18819701b84d89f46107f27e2290611c
14101,Underwear,Calvin Klein Men's Cotton Stretch 2 Pack Hip Keyhole Brief,Calvin Klein,28,Men,87424,210d8bed99969d5e289b1d3e400d2440
14102,Shorts,Volcom Men's Frickin Modern Chino Short,Volcom,45,Men,4906,15bbeecbf62fc2e7297d0657d581279a
14103,Intimates,Rene Rofe Women's Mesh Flyaway Babydoll And G String Set,Rene Rofe,21.06,Women,78162,403136df654afff3bd748b02095fab38
14104,Leggings,Gatta Riyo 4 Fashion Long Leggings,Gatta,14.99,Women,183651,5ae6d60bd9b1a00ef35e0e23b3831933
14105,Fashion Hoodies & Sweatshirts,Fresh Laundry Women's Plus-Size Hoodie,Fresh Laundry,86,Women,393031,172db53520f07d41f4594e83cf3fc2fb
14106,Pants,Polo Ralph Lauren Faded Red Distressed Pant,Ralph Lauren,64.99,Men,564049,85ca3eaa91eec857bec18b34fe3d440e
14107,Skirts,Allegra K Woman Ruched Elastic Waist Asymmetrical Hem Long Skirt,Allegra K,11.76,Women,59754,dc9c3a0deb44139d4be47a430758f4ff
14108,Tops & Tees,Calvin Klein Jeans Women's Convertible Henley Shirt,Calvin Klein Jeans,29.97,Women,3861,83bdbfdc4c4c3a4ddb713dbbd8e2383d
14109,Pants,Volcom T.D.S. Pant - Men's,Volcom,280,Men,227971,37ea7ac0ee745058bc5513ee5b0a3915
14110,Sleep & Lounge,Adventure Time Women's Sleep Tank: Rainicorn,Underboss/ Undergirl,26.99,Women,174589,7a675963be06d0e043bc37320bd739ee
14111,Pants,Dickies Mens Relaxed Straight Fit Pant,Dickies,36.31,Men,17477,ea3389301b64767a85cfd42b9df6dcb1
14112,Tops & Tees,Calvin Klein Jeans Men's Festival Plaid Woven,Calvin Klein Jeans,69.5,Men,58267,e52cb8aa1398f1218cdd1bc87540a6ed
14113,Fashion Hoodies & Sweatshirts,Big Mens Tundra 10.5 Fleece Sweatshirt/Jacket by TR Gold (Big & Tall and Regular Sizes),Bigmansland,62.99,Men,316465,2a8ec2315e3e01f1d33f9a31113305d5
14114,Fashion Hoodies & Sweatshirts,DC Men's Star Pullover Hoody,DC,49.95,Men,130305,c05047c1b52ae42a6841daa1a820b87c
14115,Tops & Tees,Allegra K Woman Scoop Neck 3/4 Sleeve Single Bust Pocket Cropped Shirt,Allegra K,11.66,Women,13252,19f0c69c85d6ed4dc52af15c33b7e41b
14116,Accessories,"JiMarti TR15 Falcon Sunglasses for Golf, Fishing, Cycling-Unbreakable",JiMarti,27.95,Men,3674,a494a5deead68c5fdec082d4f452f632
14117,Accessories,Oakley Men's Flak Jacket XLJ Iridium Sunglasses,Oakley,150,Men,75691,fbe42bb99f018067dcdba3b1949c00a3
14118,Tops & Tees,Dexter's Wings - Dexter T-shirt,Dexter,19.95,Men,40511,47ad9527ef894d1da1efd4ad269c923e
14119,Pants,Savane Men's Big No-Iron Pleated Twill Pant,Savane,54.98,Men,16334,6694c429df8a4846d1812c7871edd639
14120,Tops & Tees,Allegra K Lady Woman Boat Neck Short Batwing Sleeve Loose T Shirt,Allegra K,9.58,Women,4856,2052a6db11dd1713aa86e02705216c6e
14121,Socks & Hosiery,One Pair Marcoliani Women's Luxury Cashmere Knee High Socks from Italy,Marcoliani Milano,79,Women,107732,2411f3afb7c0bb8a0f3efe6bac737260
14122,Jeans,YMI Juniors Five Pocket Jegging Jean,YMI,38,Women,12813,6d9cdd21a123b33a474c25ca9e319066
14123,Shorts,IZOD Men's Chambray Slub Solid Short,IZOD,34.99,Men,172064,a902f49b558ed72426ebd711b067c766
14124,Intimates,Bslingerie Womens Black Faux Leahter Full Spiral Steel Boned Corset,Bslingerie,28.99,Women,302673,e15b698cf0a51a2733d2b8a1447c6ca5
14125,Shorts,Levi's Juniors Shortie Short,Levi's,29.99,Women,11636,3f812b3ca72d04f42680867a1c351196
14126,Jeans,Levi's Women's Petite Skinny Jean,Levi's,36.99,Women,20155,646a92d9ab0e714c6ad06cc1f443ad29
14127,Tops & Tees,Geoffrey Beene Men's Red and White Striped Dress Shirt,Geoffrey Beene,29.99,Men,7079,0cd60b39c4e9c4452ed7da8219ada388
14128,Pants,Akademiks Montana Canvas Men's Belted Cargo Pants,Akademiks,64,Men,11256,e23f6b242a852d94dcefba739e35895f
14129,Jeans,TEXTILE Elizabeth and James Women's Painter Ozzy,TEXTILE Elizabeth and James,248,Women,232624,5ff18ef8de6a6c765e263f1118305bf0
14130,Pants,Kenneth Cole Men's Herringbone Five Pocket Pant,Kenneth Cole,53,Men,137188,1b31f02ec01ab6ef1d0a045a5df4e9e9
14131,Fashion Hoodies & Sweatshirts,Patty Women Wide/Stand Collar Zip Up Front Pocket Long Sleeve Light Jacket,Patty,63.99,Women,109688,62c0c292b58415f567ca5828436c6388
14132,Socks,Vince Camuto Men's Bold Stripes Dress Socks,Vince Camuto,10,Men,33225,b2585f06ea35f4322700285296cba408
14133,Accessories,100% Silk Woven Gold Plaid Self-Tie Bow Tie,TheTieBar,17.99,Men,11851,425e98c7f5c8c9688f428125a33570c3
14134,Leggings,Floral Graphics Fashion Leggings,boxed-gifts,5.99,Women,439747,9dac792a12f209acac898c8539cf7903
14135,Blazers & Jackets,Allegra K Women Front Opening 3/4 Sleeve Padded Shoulder Blazer Rose Red XS,Allegra K,14.74,Women,192147,7ef96a4e4f618e58e94ae85d5f673d49
14136,Tops & Tees,Kenneth Cole Reaction Men's Regular Fit Ombre Stripe Shirt,Kenneth Cole REACTION,39.99,Men,35845,5bdc7d18f81a02457f75aa8322012ee1
14137,Sweaters,Tommy Hilfiger Womens Cable Knit Cardigan Sweater,Tommy Hilfiger,49.99,Women,105097,d6f9240272d7de4e4593fc7000d62d74
14138,Sleep & Lounge,Misses Two Piece Lightweight Grey Pajama Set,LabelShopper,9.99,Women,118426,f89caaa8c3abbbbd0f9ad9b44672ddf7
14139,Underwear,C-IN2 Men's Hand Me Down Army Trunk,C-IN2,26,Men,13615,76525bfed688373af36705f0388311d8
14140,Tops & Tees,Van Heusen 56900 Mens Wri-Resistant Blended Pinpoint,Van Heusen,39.99,Men,6505,f3594bab24d3bc4ae55841907b911d3a
14141,Maternity,Ripe Maternity Women's Harper Nursing Dress,Ripe Maternity,99,Women,16164,b9387575f5bb6e43247f4b40e904231a
14142,Fashion Hoodies & Sweatshirts,Billabong Big Sur Pullover Hoodie - Men's,Billabong,51.95,Men,159275,d54918b6dd16eeeb494f42d950f1a90a
14143,Pants & Capris,MAXSTUDIO SILICONE-WASHED TWILL TROUSERS,MAXSTUDIO,98,Women,481022,e16ffb1077b251dceaddf9117b4e9d88
14144,Dresses,Sofie Women's Cashmere V-Neck Long Sleeve Dress,Sofie,162.5,Women,265091,7f90a8113b82858c9ad45012b70691be
14145,Skirts,Womens Belted Skater Mini Skirt,VIP BOUTIQUE,14.49,Women,23261,a0e24fb233996b963ef7919c3aebebe7
14146,Swim,Sofia by Vix Women's Gypsy Push Up Bralette,Sofia by Vix,42.81,Women,242250,6b50d2e6dcf8aebff36a1a689bd443f3
14147,Sweaters,Allegra K Men Fashion Long Sleeve Button Closure Decorative Pockets Cardigan Dark Gray S,Allegra K,16.57,Men,12367,102fa914f42f60663a70e870575a8518
14148,Swim,AFTCO Sonar Boardshorts,Aftco,49.99,Men,252397,eef986c3f5077bf3b6225ce7115ed7d0
14149,Outerwear & Coats,Carhartt Men's Waterproof Breathable Jacket,Carhartt,159.99,Men,3017,544b1458be09eb55b071c3dedac183c8
14150,Shorts,Dickies Men's 13 Inch Loose Fit Yarn Dye Plaid Short,Dickies,36,Men,15266,5a9c456d6564751753c5c36ee4332134
14151,Swim,Lacoste Drawstring Vertical Logo Swim Trunk,Lacoste,85,Men,363970,66c4c04f5acfce5db179636bd0d42a9e
14152,Fashion Hoodies & Sweatshirts,American Fighter By Affliction Recruit Men's Hoodie Pull Over Sweatshirt,American Fighter,44.99,Men,275957,07733b2a91c316701c1f4b7f786a90e6
14153,Sleep & Lounge,N2N Lounge Pant Ivory,N2N,40,Men,557139,a3c22c6c2adf913c99cb79bdf95f5046
14154,Outerwear & Coats,Arc'teryx Men's Theta AR Jacket,Arc'teryx,525,Men,59503,7fc14c2d4bdb7e0c861e66b67954e6b1
14155,Jeans,Joe's Jeans The Classic Tanner,Joe's Jeans,167,Men,270536,795e7bfbce400083aaf9eed0f4dd79f8
14156,Pants,Hudson Men's Byron Brushed Twill Straight Leg Pant,Hudson,57.95,Men,270952,b81e8d2f8cf91e765536548f8d85a527
14157,Shorts,Oneill Men's Garmen Short,O'Neill,52.27,Men,329979,53c6c7e6c05ede2d0fcc3a8d500f272a
14158,Socks,6 Pairs mens 100% cotton ribbed socks.,james,13.99,Men,102075,ef63e9573448e43a743b5f1764678824
14159,Sleep & Lounge,"Botany Big Man Long Sleeve, Long Leg Broadcloth Print Pajama 7c9-714",Botany 500,24.9,Men,37276,c2453c64a56bb18ba476bde6112d48a4
14160,Outerwear & Coats,The North Face Pink Ribbon Osito Womens Jacket 2012,The North Face,129.99,Women,111818,817b335486a737d395f757dc10ccdcb8
14161,Pants,"Tru-Spec 24-7 Heavyweight Tactical Pants, Black",Tru-Spec,57.63,Men,226069,09d7edde03c96507b89b9f567847bc87
14162,Swim,Nautica Men's Embroidered Swim Trunk,Nautica,34.99,Men,212066,8af9c112e4d5a8e21af838bb6e01bf7b
14163,Pants,RGM Big Mens Flat Front Heathered Dress Pant,RYBA GENERAL MERCHANDISE,36.99,Men,483813,2ec4ca707dd04c7b7e5bee258248c553
14164,Jeans,7 For All Mankind Men's Relaxed Fit Jean in Perfectly worn,7 For All Mankind,178,Men,102183,f94eb115f3379c360569efd12f526bf0
14165,Socks & Hosiery,Snoozies Loungewear Womens Micro Fleece Robe,Snoozies,29.95,Women,87923,f4937669de43b397ac08efdf0f58d01e
14166,Sweaters,Rodd & Gunn East End Knit,Rodd & Gunn,165,Men,148586,faec261ef50a2430de85a1fc21996c19
14167,Outerwear & Coats,Via Spiga Women's ''maria'' Stand Collar Wool Coat,Via Spiga,253.99,Women,30477,115fa57d233e537072682c70950d13b4
14168,Sweaters,Joie Women's Lucero,Joie,143.64,Women,259818,4c88a153cec43d06c23bf0c2c61c33c1
14169,Sleep & Lounge,Women's Classic Fleece Bathrobe,Alexander Del Rossa,59.99,Women,27605,2bf77814655a272bea7863ff7bae552d
14170,Socks & Hosiery,Smart Wool Yipes Stripes,SmartWool,14.95,Women,76667,1bd395d9ac1706aaa37fc393deb713f3
14171,Outerwear & Coats,Men's Creed Western Lambskin Leather Vest,Overland Sheepskin Co,155,Men,79676,4acdae929c26a7577a2e7ae8ccaad258
14172,Underwear,Perry Ellis Men's C-Fit Solid Boxer Brief,Perry Ellis,25,Men,131829,53d2ffc64ec479210391ca216f3bc0e8
14173,Socks & Hosiery,American Apparel Girly Lace Ankle Sock,American Apparel,9,Women,69144,63c1477baff2921acf96f48ace55e560
14174,Pants & Capris,Alfred Dunner Rustic Charm Elastic Waist Twill Pants,Alfred Dunner,29.99,Women,242562,964ec010f588f4ccf55ba940fe9e75b9
14175,Outerwear & Coats,"Men's Pack-N-Go Pullover Rain Jacket, Black",Charles River Apparel,25,Men,87546,49ca4dc85f20b973cae1e87af3e478a3
14176,Sweaters,Nautica Men's Fair Isle Crewneck Sweater,Nautica,56.6,Men,204855,322a3c3ffe31a1239f23265fec246ea7
14177,Active,Glamorise Women's No Bounce Full Support Sport Bra,Glamorise,44.99,Women,79,1f4f2c301e4a770a456f62edb82f1029
14178,Pants,Tommy Hilfiger Men's Trim Fit Flat Front Pant,Tommy Hilfiger,45.57,Men,76713,d21534039cbf4c6e707e6992f7cb8cd6
14179,Sweaters,Dale Of Norway Anniversary Quarter-zip Sweater,Orvis,325,Men,99596,dc2d46c0b6b48648fc52b1a6be6cd1fb
14180,Pants,Concitor Men's Dress Pants Slacks Flat Front Trousers Lime Green,Concitor,29.95,Men,156207,a8ff694e27fecd3db9719283f4edc805
14181,Suits & Sport Coats,Ralph Lauren Clay Cream Lela Sport Coat Jacket,Ralph Lauren,89.99,Men,560906,ff25193fdcf3a3141e9779f221354f37
14182,Sleep & Lounge,Savile Row Men's Grey Navy Check Flat Woven Pajamas,The Savile Row Company,70,Men,122531,1357461522456d36fb5cf90c4f9748af
14183,Swim,Quiksilver Men's Cypher Brigg Boardshort,Quiksilver,62,Men,106796,a06da9907b0a8f5e27c5b8d621e63883
14184,Sweaters,Spring+Mercer Men's Shaker Sherpa,Spring+Mercer,50,Men,88412,a4165ec0f1989fa7a9efd535984643ed
14185,Dresses,D.E.P.T. Women's Sweater Dress,D.E.P.T.,129,Women,152952,f4e5fdb246e751251f31eab014570dbf
14186,Maternity,Motherhood Maternity: Belted Maternity Coat,Motherhood Maternity,99.98,Women,18179,cad6f8b966f76d00c213f42dc0011d85
14187,Outerwear & Coats,Ibex Men's Arlberg Vest,Ibex,170,Men,28534,415fe27b99db0bb815f99460d0482055
14188,Active,Columbia Sportswear Men's Baselayer Midweight 1/2 Zip Long Sleeve Shirt,Columbia,84.99,Men,3973,60f19cbf09629e53eb654361fb551832
14189,Intimates,Laura High Quality Lace Malva Push-up Bra Boyshort SET #SL101029 Made in Colombia,Laura,32.45,Women,920241,ed3f95260fe4e2176c19d1894490ce08
14190,Outerwear & Coats,Carhartt J251 Men's Soft Shell Hooded Jacket,Carhartt,139.95,Men,105616,1851b751c985a4bb9ef5ab00d31e8338
14191,Dresses,BB Dakota Juniors Parley,BB Dakota,95,Women,85218,96108860ee322640c092f04b50daede9
14192,Fashion Hoodies & Sweatshirts,Jordan Nike Men's Jumpman Fleece Hoodie Sweatshirt,Jordan,59.99,Men,53788,9b87b78cb3d78566de06850cfc43e85b
14193,Shorts,Hook & Tackle? Women's Original Beer Can Island? Short,Hook & Tackle?,34.99,Women,637850,9417cc710181a57044abd31433031ad0
14194,Socks,"Champion High Performance Men's Athletic Ankle Socks Extended Sizes 3-Pack, 12-14-White",Champion,16,Men,196737,1f2dc939b3e021f075cd00ec368f2b58
14195,Dresses,AX Paris Strapless Drop Back Jewel Dress,AxParis,64.5,Women,137116,8b4b3cfbffe653f851f2cb80d832d29c
14196,Pants & Capris,Seven7 Women's 5 Pocket Ponte Pant,Seven7,59,Women,287097,1251d6edf738c4fff8252abc064fb47e
14197,Fashion Hoodies & Sweatshirts,Fox Womens Side Swipe Fur Hoodie,Fox,51.99,Women,626897,8775ea71ea1075582927a4c022b90ca4
14198,Sleep & Lounge,Misses Plaid Two Length Pajama Pants,LabelShopper,7.99,Women,9352,cbbc9f2d4832c40501f08b90b329834f
14199,Jeans,Petrol Jeans - Macha,Petrol Jeans,59.99,Men,403232,b83f8e6552466d1eba0954912cb06513
14200,Socks & Hosiery,Smartwool Women's Saturnsphere Toe Socks,SmartWool,20.95,Women,3180,fedeed149a946cd601273badee44690b
14201,Tops & Tees,BB Dakota Juniors Lombard Blouse,BB Dakota,80,Women,73211,6d6bb0f10263a202febac5760c7c0d6c
14202,Dresses,Hey Viv ! 50s Retro Style Party Dress - Black Satin,Hey Viv !,42.99,Women,155366,0559268b028dde86cb23bbe24c445e61
14203,Suits,Suit Studio Island Escape 3 Piece Skirt Suit,Suit Studio,122.6,Women,568067,07ce97856d8a4504405559c860754344
14204,Jeans,Diesel Men's Zathan Regular Bootcut Jean,Diesel,173.95,Men,28110,dfadb3678601315a4d46af4f04ed63ce
14205,Blazers & Jackets,Vince Camuto Women's One Button Stripe Lining Blazer,Vince Camuto,150,Women,598546,4bc9f81c1c350b5591018dbf60587a68
14206,Accessories,Ray Ban RB3025 Aviator Sunglasses,Ray-Ban,121.88,Men,480,8e36e7756cc9c9d742cbfabf1d1e0264
14207,Pants & Capris,Alfred Dunner Femme Fatale Flat Front Pants,Alfred Dunner,28.99,Women,319871,fc3af08c0c7fda0c376893889c7c82ed
14208,Pants,Men's Tru-Spec Coyote Poly / Cotton Ripstop TRU Uniform Pants,Tru-Spec,56.99,Men,629643,7901e1f7610068d14599b1dc5e918a15
14209,Active,Dockers Men's 6-Pack Athletic Quarter Socks,Dockers,18,Men,42992,775e15c4b42e05613b9e894d9901a83e
14210,Active,Beyond Yoga Women's Long Double Strap Cami,Beyond Yoga,75,Women,36406,45c08096d400650f9a2fc109a6b01539
14211,Swim,Black & White Stripes Sexy One-Shoulder One Piece Bathing Suit,Beach Joy,35.99,Women,233227,3fdf76a428cf3f00c47046e9ac0655f3
14212,Socks & Hosiery,HUE Argyle Sweater Tights Style 13352,HUE,20,Women,40292,dbb34ce0d00845c0189f033bcffda858
14213,Underwear,Jockey? staycool Midway? Brief - 3 pack,Jockey,29.5,Men,7035,e0e150595e2936e2aaf79b581e606bb4
14214,Pants & Capris,Trina Turk Women's Fez Pant,Trina Turk,142.99,Women,233464,8b0120ffb939bbed0667ab0ed7239738
14215,Active,Icebreaker Women's 260 Midweight Leggings,Icebreaker,109.99,Women,11988,c4d54a4d6c295145114fb6e8143c238f
14216,Socks,"RHINO SOCKS SS series, Poka-Koka, ecru/tan, anklet sports cycling biking hiking running socks",Rhino Socks,5.99,Men,35336,b871d73230edeec722214334aaf06b0d
14217,Swim,Harbor Bay Big & Tall Swim Rash Guard,,36,Men,13711,43f023e5270dc60abf6826e9fdf1c20d
14218,Swim,Men's Polo by Ralph Lauren Swimming Trunks Bathing Suit Black with Yellow Pony,Ralph Lauren,69.5,Men,485515,75f3f165ab585c18011bd2f46da16f39
14219,Pants & Capris,Plus Size Deep Ocean Pants,Alex Evenings,88,Women,379448,358b3445c8a85670d3056ef25f8cb23d
14220,Jeans,KUT from the Kloth Women's Natalie Bootcut,KUT from the Kloth,61.9,Women,38163,fcbeb64d595a5519740c4385978ef62f
